B.S.,A.D.,Time,Latitude,Longitude,Magnitude,Recorded Centre,Location
3/11/51,6/25/94,0:00,27.75,86.16,5.1,,Dolakha
4/2/51,7/17/94,,29.37,81.52,5.5,,Bajura
5/15/51,8/31/94,,26.09,79.51,6,,India
6/9/51,9/25/94,,28.34,87.35,4.8,,Sankhuwasabha
7/5/51,10/22/94,,29,82.26,4.6,,Jajarkot
7/7/51,10/24/94,,28.92,82,4.7,,Jajarkot
8/5/51,11/21/94,,29.54,81.15,4.2,,Bajhang
8/11/51,11/27/94,,29.72,81.56,4.5,,Bajura
8/26/51,12/12/94,,29.84,80.69,4.6,,Darchula
8/27/51,12/13/94,,28.7,82.88,4.6,,Rukum
10/5/51,1/19/95,,28.35,83.44,4.3,NSC,Magdi
10/15/51,1/29/95,,26.85,86.11,4.5,NSC,Dhanusa
10/16/51,1/30/95,,29.38,82.3,4.2,RSC,Jumla
10/16/51,1/30/95,,29.32,82.19,4.3,RSC,Jumla
11/6/51,2/18/95,,27.74,85.88,4.6,NSC,Kavrepalanchowk
1/4/52,4/17/95,,29.51,81.71,4.7,RSC,Bajura
2/28/52,6/11/95,,27.22,87.95,4.2,NSC,Taplejung
3/7/52,6/21/95,,21.81,85.27,6,NSC,India
4/18/52,8/3/95,,30.04,81.54,4.8,RSC,Humla
4/22/52,8/7/95,,29.88,81.63,5,RSC,Bajura
4/22/52,8/7/95,,25.75,86.24,4.5,NSC,India
6/18/52,10/4/95,5:30,28.27,84.44,4.7,NSC,Lamjung
11/16/52,2/28/96,,27.122,86.766,4.8,NSC,Udayapur
1/14/53,4/26/96,,27.935,87.705,5.3,NSC,Taplejung
3/26/53,7/10/96,,29.616,81.981,4.6,RSC,Mugu
6/30/53,10/16/96,,28.778,79.951,4.4,RSC,
7/19/53,11/4/96,,29.63,81.859,4.9,RSC,Mugu
7/23/53,11/8/96,,29.667,81.699,4.9,RSC,Humla
8/18/53,12/3/96,,27.39,86.842,5.3,NSC,Solukhumbu
9/7/53,12/22/96,,29.012,81.726,4.4,RSC,Dailekh
9/14/53,12/29/96,,29.75,81.828,5.2,RSC,Humla
9/17/53,1/1/97,,27.005,86.561,4.5,NSC,Udayapur
9/21/53,1/5/97,,29.785,80.588,5.6,RSC,Darchula
10/18/53,1/31/97,,28.015,85.301,5,NSC,Rasuwa
10/18/53,1/31/97,,28.078,85.286,5.8,NSC,Rasuwa
10/19/53,2/1/97,,28,85.303,4.7,NSC,Rasuwa
10/21/53,2/3/97,,28.09,85.29,4.7,NSC,Rasuwa
10/21/53,2/3/97,,28.02,85.33,5,NSC,Rasuwa
10/28/53,2/10/97,,28.12,85.33,4.2,NSC,Rasuwa
11/7/53,2/18/97,,29.52,81.33,4.4,RSC,Bajhang
12/11/53,3/24/97,,28.06,85.28,5,NSC,Rasuwa
12/25/53,4/7/97,,27.5,87.746,4.6,NSC,Solukhumbu
2/8/54,5/21/97,,23.71,80.47,6,NSC,India
2/15/54,5/28/97,,28.68,82.58,4.5,RSC,Rukum
6/25/54,10/11/97,,27.65,86.41,4.8,NSC,Ramechhap
7/8/54,10/24/97,,28.66,82.54,5.2,RSC,Rukum
8/11/54,11/26/97,,27.75,86,4.3,NSC,Dolakha
8/12/54,11/27/97,,27.74,87,5.5,NSC,Solukhumbu
8/23/54,12/8/97,,27.19,86.85,5,NSC,Khotang
10/30/54,2/12/98,,27.59,88.19,4.6,NSC,Taplejung
11/10/54,2/22/98,,28.72,85.52,5.5,NSC,Tibet
11/16/54,2/28/98,,27.15,87.86,5,NSC,Panchthar
1/27/55,5/10/98,,29.41,82.38,4.7,RSC,Jumla
2/2/55,5/16/98,,26.76,84.817,4.8,NSC,Parsa
3/13/55,6/27/98,,27.866,85.812,5,NSC,Sankhuwasabha
3/31/55,7/15/98,,29.551,81.247,5.1,NSC,Bajhang
5/18/55,9/3/98,,27.873,86.964,5.6,NSC,Solukhumbu
5/21/55,9/6/98,,27.797,87.015,4.7,NSC,Solukhumbu
5/25/55,9/10/98,,27.444,88.33,5,NSC,Taplejung
6/30/55,10/16/98,,28.077,85.66,4.9,NSC,Sindhupalchowk
8/10/55,11/26/98,,27.859,87.814,5.4,NSC,Taplejung
10/28/55,2/11/99,,28.61,83.348,4.7,NSC,Myagdi
11/7/55,2/19/99,,29.867,80.618,4.6,RSC,Darchula
12/5/55,3/19/99,,27.934,85.834,4.8,NSC,Sindhupalchowk
12/14/55,3/28/99,,30.498,79.257,6.5,RSC,Chamauli/India
12/24/55,4/7/99,,29.596,81.226,4.4,RSC,Bajhang
4/25/56,8/10/99,,27.795,86.208,5.7,NSC,Dolakha
5/9/56,8/25/99,,28.157,84.742,4.5,NSC,Gorkha
6/3/56,9/20/99,,27.38,87.897,4.5,NSC,Taplejung 
8/25/56,12/11/99,,30.159,81.563,4.6,NSC,Humla
10/6/56,1/20/00,,27.928,86.06,4.8,NSC,Sindhupalchowk
10/11/56,1/25/00,,27.378,88.059,4.6,NSC,Taplejung
11/14/56,2/26/00,,28.617,82.314,5.1,NSC,Jajarkot
11/30/56,3/13/00,,29.77,81.41,4.2,NSC,Bajhang
11/30/56,3/13/00,,27.99,87.42,5,NSC,Taplejung
11/30/56,3/13/00,,27.73,87.71,5.1,NSC,Sankhuwasabha
12/4/56,3/17/00,,27.76,87.55,4.2,NSC,Sankhuwasabha
2/20/57,6/2/00,,28.07,83.29,4.2,NSC,Arghanchi
5/17/57,9/2/00,,28.071,85.334,4.5,NSC,Nuwakot
9/16/57,12/31/00,,27.84,87.71,4.1,NSC,Taplejung
10/13/57,1/26/01,,24.173,69.853,7,NSC,Bhuj/India
12/22/57,4/4/01,,27.806,86.171,4.8,NSC,Dolakha
1/2/58,4/15/01,,29.458,81.4,4.4,RSC,Bajura
3/27/58,7/11/01,,29.507,81.394,4.3,NSC,Bajhang
4/1/58,7/16/01,,27.97,84.68,5.9,NSC,Gorkha
4/1/58,7/16/01,,28.29,84.27,4.8,NSC,Lamjung
5/28/58,9/13/01,,29.821,80.644,5,NSC,Darchula
6/11/58,9/27/01,,26.98,87.78,4.8,NSC,Udayapur
7/11/58,10/27/01,,29.56,81.46,4.7,RSC,Humla
8/12/58,11/27/01,,29.53,81.81,5.8,RSC,Mugu
8/12/58,11/27/01,,29.63,81.79,5.7,RSC,Mugu
8/12/58,11/27/01,,29.52,81.99,5.2,RSC,Mugu
8/13/58,11/28/01,,29.59,81.77,4.5,RSC,Mugu
9/3/58,12/18/01,,29.58,81.8,4.8,RSC,Mugu
9/4/58,12/19/01,,23.83,89.88,4.8,NSC,Bangaladesh
10/21/58,2/3/02,,27.72,86.37,4.1,NSC,Dolakha
12/27/58,4/9/02,,27.46,86.174,4,NSC,Ramechhap
1/2/59,4/15/02,,26.87,86.31,4,NSC,Udayapur
1/19/59,5/2/02,,27.67,86.67,5.2,NSC,Solukhumbu
2/21/59,6/4/02,,30.71,81.34,6,NSC,Tibet
2/21/59,6/4/02,,28.79,80.53,4,NSC,Kanchanpur
2/22/59,6/5/02,,28.86,80.75,4,RSC,Kailali
2/24/59,6/7/02,,28.77,81.12,4,RSC,Kailali
2059-2-30,6/13/02,,28.23,84.86,4,NSC,Dhading
3/6/59,6/20/02,,25.63,88.38,5.5,NSC,Bangladesh
3/18/59,7/2/02,,27.17,84.82,4.1,NSC,Parsa
2059-3-32,7/16/02,,27.75,87.36,4.3,NSC,Sankhuwasava
4/26/59,8/11/02,,26.97,86.4,4.1,NSC,Udayapur
5/24/59,9/9/02,,28.98,28.98,4.1,NSC,Kailali
6/23/59,10/9/02,,28.18,83.9,4.1,NSC,Kaski
6/25/59,10/11/02,,28.28,83.94,4,NSC,Kaski
8/4/59,11/20/02,,29.61,81.56,4.4,RSC,Bajura
11/14/59,2/26/03,,28.47,86.01,5,NSC,Tibet
12/11/59,3/25/03,,27.18,89.59,5.7,NSC,Bhutan
12/15/59,3/29/03,,27.46,86.63,4,NSC,Tibet
12/21/59,4/4/03,,30.1,80.39,5,NSC,Pithoragarh
3/9/60,6/23/03,,27.79,87.97,4.8,NSC,Taplejung
4/12/60,7/28/03,,28.75,82.52,4.5,,Rukum
4/17/60,8/2/03,,29.51,82.1,4.4,NSC,Mugu
4/20/60,8/5/03,,27.99,86.03,4.2,NSC,Sidhupalchowk
6/7/60,9/24/03,,28.99,81.96,4.3,NSC,Dailekh
6/12/60,9/29/03,,27.52,87.86,4.6,NSC,Taplejung
7/12/60,10/29/03,,27.26,86.69,4,NSC,Khotang
7/19/60,11/5/03,,27.78,86.16,4.1,NSC,Dolakha
8/6/60,11/22/03,,28.47,83.91,5,NSC,Kaski
8/7/60,11/23/03,,28.45,83.94,4.5,NSC,Kaski
8/7/60,11/23/03,,28.41,83.97,3.6,NSC,Kaski
8/7/60,11/23/03,,28.3,83.88,4.4,NSC,Kaski
8/19/60,12/5/03,,28.4,83.93,4,NSC,Kaski
8/25/60,12/11/03,,29.85,80.54,4.1,NSC,Darchula
9/4/60,12/19/03,,27.06,87.97,4.2,NSC,Illam
9/19/60,1/3/04,,27.87,86.06,5.5,,"Listikot, Sindhupalchowk"
9/19/60,1/3/04,,27.76,86.07,4.5,NSC,"Listikot, Sindhupalchowk"
9/23/60,1/7/04,,28.07,85,4,NSC,"Darkha, Dhading"
10/19/60,2/2/04,,29.32,81.53,4.1,NSC,"Tolideval, Bajura"
11/2/60,2/14/04,,29.67,80.88,4.3,NSC,"Brahmajali, Bhajhang"
11/6/60,2/18/04,,27.61,87.8,4.7,NSC,"Amjilesa, Taplejung"
12/4/60,3/17/04,,27.67,87.82,4.1,NSC,"Amjilesa, Taplejung"
12/18/60,3/31/04,,27.18,87.63,4.6,NSC,"Isabun,Terathum"
2/16/61,5/29/04,,28.58,89.97,4.3,NSC,"Niseldhar, Baglung"
2/16/61,5/29/04,,28.55,82.96,4.9,NSC,"Niseldhar, Baglung"
2/16/61,5/29/04,,28.59,82.98,4.3,NSC,"Niseldhar, Baglung"
4/1/61,7/16/04,,28.32,84.06,4.6,NSC,"Ghalegaun, Kaski"
4/5/61,7/20/04,,27.96,85.88,4.5,NSC,"Listikot, Sindhupalchowk"
5/6/61,8/22/04,,28.03,85.24,4.1,NSC,"Kaseri, Rasuwa"
5/17/61,9/2/04,,27.87,85.93,4.2,NSC,"Listikot, Sindhupalchowk"
5/27/61,9/12/04,,29.51,81.84,4.4,NSC,"Shirkot, Mugu"
6/19/61,10/5/04,,26.83,86.55,4.1,NSC,"Simle, Udayapur"
7/24/61,11/9/04,,28.77,82.95,4.4,NSC,RahalGaun/Rukum 
8/2/61,11/17/04,,28.26,84.67,4.1,NSC,"Kharibot, Lamjung"
9/11/61,12/26/04,,29.9,81.63,4.3,NSC,"Sain, Bajura"
9/12/61,12/27/04,,27.76,86.2,4.2,NSC,"Nagpa, Dolakaha"
10/3/61,1/16/05,,29.68,81.14,5,NSC,Bajhang
10/3/61,1/16/05,,29.81,81.04,4.5,NSC,Bajhang
10/26/61,2/8/05,,27.76,86.07,5,NSC,Dolakha
11/22/61,3/5/05,,28.27,84.39,5,NSC,Lamjung
12/6/61,3/19/05,,28.25,84.39,5.4,NSC,Lamjung
12/16/61,3/29/05,,28.14,84.8,4.1,NSC,Gorkha
12/16/61,3/29/05,,28.11,84.77,4.4,NSC,Gorkha
12/16/61,3/29/05,,28.04,84.74,4,NSC,Gorkha
12/16/61,3/29/05,,28.15,84.37,4,NSC,Lamjung
12/22/61,4/4/05,,28.56,83.18,4.1,NSC,Myagdi
12/22/61,4/4/05,,28.54,83.31,4.1,NSC,Myagdi
12/25/61,4/7/05,,29.35,81.88,4.2,NSC,Kalikot
1/2/62,4/15/05,,27.92,85.71,4.1,NSC,Sindhupalchowk
1/22/62,5/5/05,,27.69,87.7,4.1,NSC,Taplejung
2062-2-32,6/14/05,,27.28,87.89,4.5,NSC,Tibet
4/12/62,7/27/05,,27.47,68.88,4.3,NSC,Solukhumbu
4/24/62,8/8/05,,27.98,85.51,4.2,NSC,Sindhupalchowk
5/12/62,8/28/05,,27.31,87.22,5.3,NSC,Sankhuwasava
7/12/62,10/29/05,,29.5,81.88,5.1,NSC,Mugu
7/14/62,10/31/05,,29.64,82.06,5.1,NSC,Mugu
7/14/62,10/31/05,,28.65,84.83,4.5,NSC,Gorkha
7/20/62,11/6/05,,29.61,82.02,5.1,NSC,Mugu
10/21/62,2/3/06,,27.18,86.8,5.4,NSC,Khotang
11/7/62,2/19/06,,28.24,83.89,4.7,NSC,Baglung
12/22/62,4/4/06,,27.91,85.83,4.6,NSC,Sindhupalchowk
1/22/63,5/5/06,,29.43,81.26,4.8,NSC,Bajhang
4/30/63,8/15/06,,27.89,85.7,4.3,NSC,Sindhupalchowk
5/14/63,8/30/06,,29.05,83.6,4.3,NSC,Mustang
6/1/63,9/17/06,,26.98,87.8,4.2,NSC,Illam
6/3/63,9/19/06,,29.62,81.54,5,NSC,Bajura
6/10/63,9/26/06,,30.1,80.83,4.5,NSC,Darchula
7/25/63,11/11/06,,27.21,87.63,4.2,NSC,Tehrathum
10/22/63,2/5/07,,30.1,81.05,4.2,NSC,Darchula
10/23/63,2/6/07,,28.35,83.43,4.1,NSC,Myagdi
10/23/63,2/6/07,,28.36,83.43,4.2,NSC,Myagdi
11/3/63,2/15/07,,29.83,81.45,5,NSC,Bajhang
11/26/63,3/10/07,,29.47,81.73,4.5,NSC,Bajhang
2/2/64,5/16/07,,27.5,88.08,4.6,NSC,Nepal-India Border
2/21/64,6/4/07,,27.44,83.89,4.2,NSC,Nepal-India Border
3/3/64,6/17/07,,27.83,84.91,4.3,NSC,Dhading
3/23/64,7/7/07,,28.08,85.3,4,NSC,Rasuwa
4/14/64,7/30/07,,27.27,87.02,4.1,NSC,Bhojpur
4/16/64,8/1/07,,29.49,81.91,4.6,NSC,Mugu
4/18/64,8/3/07,,27.24,87.02,4,NSC,Bhojpur
4/18/64,8/3/07,,27.21,87.97,4.4,NSC,Panchthar
4/18/64,8/3/07,,27.2,87.04,4.3,NSC,Bhojpur
4/18/64,8/3/07,,27.24,87.03,4.5,NSC,Bhojpur
4/21/64,8/6/07,,27.84,85.69,4.1,NSC,Sindhupalchowk
4/26/64,8/11/07,,27.28,87.9,5.2,NSC,Taplejung
5/21/64,9/7/07,,27.72,86.26,4.1,NSC,Dolakha
5/21/64,9/7/07,,28.05,85.33,4.2,NSC,Rasuwa
6/25/64,10/12/07,,27.75,86.12,4,NSC,Dolakha
7/12/64,10/29/07,,27.9,85.45,5,NSC,Nuwakot
7/19/64,11/5/07,,28.2,84.45,4.5,NSC,Lamjung
8/15/64,12/1/07,,28.05,85.28,4.1,NSC,Rasuwa
10/1/64,1/15/08,,27.37,86.53,4.1,NSC,Okhaldhunga
11/2/64,2/14/08,,27.8,86.53,4.1,NSC,Taplejung
11/4/64,2/16/08,,26.8,86.25,4.2,NSC,Siraha
11/19/64,3/2/08,,29.69,81.76,4.4,NSC,Humla
12/4/64,3/17/08,,29.76,81.53,4.6,NSC,Bajhang-Bajura border
1/26/65,5/8/08,,27.5,87.52,4.2,NSC,Taplejung
2/7/65,5/20/08,,28.33,83.33,4.3,NSC,Baglung
2/20/65,6/2/08,,27.8,85.91,4.1,NSC,Sindhupalchowk
3/1/65,6/15/08,,29.73,80.96,5,NSC,Darchula
3/6/65,6/20/08,,27.98,85.73,4.8,NSC,Sindhupalchowk
4/18/65,8/2/08,,28.18,85.29,4.4,NSC,Bajura
5/25/65,9/10/08,,28.4,83.01,4.1,NSC,Baglung
6/21/65,10/7/08,,27.47,87.71,4.5,NSC,Taplejung
8/16/65,12/1/08,,28.18,85.29,4.8,NSC,Rasuwa
8/17/65,12/2/08,,27.32,87.99,5.4,NSC,Taplejung
8/17/65,12/2/08,,27.3,88.03,4,NSC,Taplejung
8/17/65,12/2/08,,27.3,87.99,4,NSC,Taplejung
8/17/65,12/2/08,,27.29,87.92,4.3,NSC,Taplejung
8/17/65,12/2/08,,27.34,87.92,4.1,NSC,Taplejung
8/23/65,12/8/08,,30.15,81.86,6,NSC,Humla
9/4/65,12/19/08,,30.1,81.91,4.4,NSC,Humla
9/8/65,12/23/08,,28.19,84.39,4.4,NSC,Lamjung
9/11/65,12/26/08,,30.09,81.9,4.5,NSC,Humla
9/14/65,12/29/08,,30.13,82.03,4,NSC,Humla
9/26/65,1/10/09,,27.9,88.04,4.2,NSC,Taplejung
10/10/65,1/23/09,,29.05,81.4,4.2,NSC,Achham
11/25/65,3/8/09,,27.41,87.8,4.5,NSC,Taplejung
11/29/65,3/12/09,,28.43,84.42,4.1,NSC,Lamjung
12/31/65,4/13/09,,28.3,84.55,4,NSC,Lamjung
12/31/65,4/13/09,,28.25,84.54,4.3,NSC,Lamjung
1/31/66,5/14/09,,27.48,87.36,4.6,NSC,Sankhuwasava
1/31/66,5/14/09,,27.43,87.35,4.2,NSC,Sankhuwasava
3/28/66,7/12/09,,27.71,86.36,4.3,NSC,Dolakha
4/18/66,8/2/09,,28.12,85.18,4,NSC,Rasuwa
6/10/66,9/26/09,,29.81,82.05,4.3,NSC,Humla
7/12/66,10/29/09,,28.73,83.11,4.1,NSC,Rukum
7/15/66,11/1/09,,30.1,81.81,4.5,NSC,Humla
7/16/66,11/2/09,,27.87,87.94,4,NSC,Taplejung
7/22/66,11/8/09,,30.11,81.91,4.3,NSC,Humla
8/7/66,11/22/09,,29.02,82.15,4.5,NSC,Jajarkot
8/30/66,12/15/09,,28.28,84.4,4.1,NSC,Lamjung
9/1/66,12/16/09,,29.6,81.51,4.6,NSC,Bajura
10/4/66,1/18/10,,28.37,83.97,4.1,NSC,Kaski
11/5/66,2/17/10,,26.79,86.08,4.1,NSC,Dhanusa
11/13/66,2/25/10,,29.78,81.52,4.6,NSC,Bajhang
11/16/66,2/28/10,,28.4,81.52,4.1,NSC,Baglung
11/17/66,3/1/10,,29.76,83.11,4.3,NSC,Bajura
12/31/66,4/13/10,,29.37,81.34,4.5,NSC,Bajura
1/1/67,4/14/10,,28.31,83.09,4.2,NSC,Baglung
1/17/67,4/30/10,,27.75,86.36,4,NSC,Dolakha
1/30/67,5/13/10,,28.3,84.51,4.2,NSC,Lamjung
2067-2-30,6/13/10,,28.01,86.77,4,NSC,Solukhumbu
2067-2-30,6/13/10,,29.4,81.38,4.5,NSC,Bajura
2067-2-30,6/13/10,,29.6,81.65,4.8,NSC,Bajura
5/16/67,9/1/10,,28.23,84.37,4,NSC,Lamjung
2067-6-31,10/17/10,,28.64,85.71,5,NSC,Tibet
8/9/67,11/25/10,,28.44,83.17,4.7,NSC,Baglung
8/9/67,11/25/10,,28.38,82.32,4.5,NSC,Salyan
8/14/67,11/30/10,,26.93,85.79,4.4,NSC,Mahottari
8/19/67,12/5/10,,29.57,81.699,4.2,NSC,Bajura
9/3/67,12/18/10,,28.18,84.79,4.1,NSC,Gorkha
10/4/67,1/18/11,,30.03,81.97,4.1,NSC,Humla
10/4/67,1/18/11,,27.8,85.94,4.3,NSC,Sindhupalchowk
11/1/67,2/13/11,,27.47,87.01,4.7,NSC,Bhojpur-Sankhuwasabha border
11/10/67,2/22/11,,27.57,87.01,4.2,NSC,Sankhuwasabha
11/26/67,3/10/11,,28.02,85.24,4.3,NSC,Rasuwa
11/27/67,3/11/11,,28.31,83.8,4.3,NSC,Kaski
11/28/67,3/12/11,,28.31,83.78,4.4,NSC,Kaski
12/8/67,3/22/11,,28.35,83.96,4,NSC,Kaski
12/8/67,3/22/11,,28.11,82.74,4.2,NSC,Pyuthan
12/21/67,4/4/11,,29.92,80.54,5.7,NSC,Darchula
12/21/67,4/4/11,,30,80.81,4.1,NSC,Darchula
12/22/67,4/5/11,,29.74,80.37,4.1,NSC,Darchula
12/24/67,4/7/11,,27.93,85.61,4.1,NSC,Sindhupalchowk
2/20/68,6/3/11,,27.6,88.03,5.2,NSC,Taplejung
2/28/68,6/11/11,,28.41,82.66,4.2,NSC,Rolpa
2/28/68,6/11/11,,28.4,82.55,4.1,NSC,Rolpa
3/3/68,6/17/11,,30.24,81.48,4.2,NSC,Humla
3/4/68,6/18/11,,27.83,87.35,4.3,NSC,Sankhuwasabha
3/31/68,7/15/11,,27.28,87.3,4.5,NSC,Sankhuwasabha
4/13/68,7/29/11,,27.19,86.76,4.2,NSC,Khotang
4/17/68,8/2/11,,27.35,86.35,4,NSC,Khotang
4/24/68,8/9/11,,29.9,81.31,4.3,NSC,Bajhang
4/30/68,8/15/11,,27.44,86.27,5,NSC,Ramechhap
5/1/68,8/18/11,,28.21,84.31,4,NSC,Lamjung
5/2/68,8/19/11,,29.7,81.34,4.9,NSC,Bajhang
5/5/68,8/22/11,,28.29,83.96,4,NSC,Kaski
5/8/68,8/25/11,,28.15,82.53,4.4,NSC,Rolpa
5/10/68,8/27/11,,26.94,86.6,5,NSC,Udayapur
6/1/68,9/18/11,,27.78,88.32,6.8,NSC,Taplejung-Sikkim Border
6/14/68,10/1/11,,30.16,81.81,4.7,NSC,Humla
6/15/68,10/2/11,,29.55,81.68,4.2,NSC,Bajura
7/18/68,11/4/11,,28.34,83.66,4,NSC,Parbat
7/22/68,11/8/11,,27.94,85.55,4.1,NSC,Sindhupalchowk
7/27/68,11/13/11,,28.2,84.93,5,NSC,Gorkha
8/3/68,11/19/11,,27.7,86.1,4.1,NSC,Dolakha
8/7/68,11/23/11,,28.91,81.68,4.2,NSC,Dailekh
8/16/68,12/2/11,,28.05,85.34,4.2,NSC,Rasuwa
8/22/68,12/8/11,17:40,27.97,82.86,4,NSC,Pyuthan
8/23/68,12/9/11,22:57,27.83,88.13,4.2,NSC,Taplejung
8/28/68,12/14/11,20:20,27.72,88.09,4.9,NSC,Taplejung
9/3/68,12/18/11,21:35,27.73,88.16,4.6,NSC,Taplejung
9/15/68,12/30/11,2:10,29.62,81.53,4,NSC,Bajura
9/27/68,1/11/12,8:59,28.89,81.89,4.2,NSC,Dailekh
10/4/68,1/18/12,11:16,26.63,86.4,4.5,NSC,Siraha
10/5/68,1/19/12,0:46,29.73,81.91,4.6,NSC,Humla
10/10/68,1/24/12,4:07,26.84,86.43,4,NSC,Siraha
10/22/68,2/5/12,20:06,27.25,88.07,4,,Panchthar
11/2/68,2/14/12,13:41,27.38,88.11,4.5,NSC,Taplejung-Sikkim Border
11/2/68,2/14/12,13:48,27.33,88.03,4.4,NSC,Taplejung
11/14/68,2/26/12,22:56,29.71,81.02,4.4,NSC,Bajhang-Darchula border
11/14/68,2/26/12,23:08,29.86,81.05,4.9,NSC,Bajhang-Darchula border
12/6/68,3/19/12,20:36,28.7,82.02,4.7,,Karkigaun-Jajarkot
12/14/68,3/27/12,23:40,26.12,87.87,5.2,NSC,Jhapa-India Border Region
12/29/68,4/11/12,2:52,29.55,81.24,4.3,NSC/RSC,Bajhang
1/5/69,4/17/12,23:13,28.5,82.06,4.2,NSC/RSC,Salyan
2/17/69,5/30/12,9:34,27.31,87.88,4.2,NSC,Taplejung
2/27/69,6/9/12,7:54,28.32,84.17,5.1,NSC,Kaski
2069-2-29,6/11/12,4:35,27.25,88,4.5,NSC,Panchthar - Sikkim border
3/1/69,6/15/12,16:15,28.99,81.58,4.2,NSC,Dailekh
3/17/69,7/1/12,7:54,27.27,88.05,4,NSC,Panchthar - Sikkim border
3/27/69,7/11/12,17:23,29.43,81.03,4.9,NSC,Southern Bajhang
4/13/69,7/28/12,5:48,30.12,80.54,5,NSC/RSC,India (close to Darchula)
4/16/69,7/31/12,12:05,28.55,82.37,4.2,NSC/RSC,Southern Rukum
4/16/69,7/31/12,11:50,28.58,82.48,5,NSC/RSC,Southern Rukum
4/16/69,7/31/12,11:58,28.53,82.42,4.8,NSC/RSC,Southern Rukum
4/22/69,8/6/12,1:53,27.77,88.13,4.2,NSC,Northern Taplejung
5/7/69,8/23/12,16:30,28.38,82.84,5.6,NSC/RSC,Rolpa - Rukum border region
5/7/69,8/23/12,16:42,28.39,82.73,4.4,NSC/RSC,Rolpa
5/8/69,8/24/12,0:17,28.38,82.66,4.4,NSC/RSC,Rolpa
5/8/69,8/24/12,3:55,28.42,82.75,5.2,NSC/RSC,Rolpa-Rukum border region
5/12/69,8/28/12,8:31,28.73,81.81,4.4,NSC/RSC,Southeastern Dailekh 
5/13/69,8/29/12,19:54,28.4,82.79,4.3,NSC/RSC,Northern Rolpa
5/14/69,8/30/12,14:11,28.61,82.43,4.5,NSC/RSC,Southern Rukum
6/1/69,9/17/12,9:45,28.59,82.41,4.4,NSC/RSC,Southern Rukum
7/6/69,10/22/12,6:56,27.95,87.86,4.5,NSC,Around Kanchanjunga
7/26/69,11/11/12,18:39,29.51,81.13,5.6,NSC/RSC,Southern Bajhang
7/27/69,11/12/12,12:42,29.55,81.31,4.5,NSC,Bajhang
8/19/69,12/4/12,3:01,28.88,82.34,4,NSC,North East Jajarkot
9/7/69,12/22/12,6:05,28.27,82.84,4.5,NSC,Rolpa and Pyuthan border
9/18/69,1/2/13,17:42,29.41,81,4.7,NSC/RSC,Bajhang and Doti border
9/25/69,1/9/13,7:44,29.82,81.7,5.5,NSC/RSC,Northern part of Bajura
9/29/69,1/13/13,17:35,26.84,86.22,4,NSC,Siraha
10/5/69,1/18/13,20:59,29.48,81.26,4.5,NSC,Bajhang
10/25/69,2/7/13,1:08,29.42,81.05,4,NSC,Bajhang
11/11/69,2/22/13,2:41,28.39,83.18,4.1,NSC,Baglung
11/23/69,3/6/13,16:49,28.57,82.27,5.4,NSC,Rukum
12/4/69,3/17/13,11:59,26.74,86.08,4.2,NSC,Dhanusha
1/15/70,4/28/13,18:28,29.87,81.26,4.9,NSC,Northern Bajhang
1/31/70,5/14/13,3:18,29.68,82,4.4,NSC,Mugu
1/31/70,5/14/13,3:13,29.56,82,4.3,NSC,Mugu
1/31/70,5/14/13,9:59,29.65,81.98,4.5,NSC/RSC,Western Mugu
2/12/70,5/26/13,17:38,27.72,85.91,4.2,NSC,Sindhupalchowk
2/17/70,5/31/13,6:04,29.74,81.6,4.5,NSC/RSC,Northern Bajura
2/26/70,6/9/13,16:11,27.31,86.7,4.2,NSC,Northern Khotang
3/12/70,6/26/13,22:22,26.85,85.96,4.4,NSC/RSC,Dhanusha
3/13/70,6/27/13,6:20,30.05,80.8,4.4,NSC/RSC,Darchula
3/14/70,6/28/13,11:40,28.76,82.4,5.5,NSC/RSC,Rukum
5/14/70,8/30/13,17:48,28.43,86.03,6,,Tibet
5/27/70,9/12/13,4:29,26.96,87.34,4.5,NSC,Dhankuta
6/6/70,9/22/13,14:35,30.25,81.55,4.4,NSC,Humla
6/17/70,10/3/13,6:12,27.14,88.51,5.7,,Sikkim
6/27/70,10/13/13,21:43,30.08,81.74,4.5,NSC,Humla
7/11/70,10/28/13,1:37,27.36,87.37,4.3,NSC,Sankhuwasava
7/17/70,11/3/13,6:47,29.56,81.68,4.3,NSC,Bajura
12/17/70,3/31/14,7:51,30.11,81.93,4.4,NSC,Humla
12/28/70,4/11/14,17:22,29.29,81.26,4.2,NSC,Achham
1/10/71,4/23/14,7:14,27.3,87.62,4,NSC,Taplejung
2/6/71,5/20/14,18:36,28.32,84.73,4.3,NSC,Gorkha
2/11/71,5/25/14,2:46,28.23,84.09,4.1,NSC,Kaski
3/20/71,7/4/14,5:58,27.83,87.91,4.6,NSC,Taplejung
3/23/71,7/7/14,16:37,29.73,80.93,4.2,NSC,Bajhang-Darchula border
4/18/71,8/3/14,5:57,29.45,85.64,5.9,N?A,Tibet
6/1/71,9/17/14,10:29,27.76,88.05,4.5,NSC,Taplejung
8/9/71,11/25/14,15:49,28.25,84.94,4.5,NSC,Gorkha
9/3/71,12/18/14,15:32,27.73,86.52,5.9,NSC,Solukhumbu
9/22/71,1/6/15,1:26,29.07,81.51,4.5,NSC,Dailekh
10/8/71,1/22/15,9:27,29.36,81.03,4.4,RSC,Doti
10/17/71,1/31/15,19:44,28.29,83.73,5.5,NSC,Kaski
11/2/71,2/14/15,22:51,27.42,87.01,4.5,NSC,Bhojpur
1/8/72,4/21/15,19:52,28.85,82.18,5.1,NSC,Jajarkot
1/9/72,4/22/15,7:14,28.8,81.92,4.5,NSC,Jajarkot
1/10/72,4/23/15,1:57,28.4,83.99,4.1,NSC,Kaski
1/12/72,4/25/15,22:31,27.8,85.29,4,NSC,Nuwakot
1/12/72,4/25/15,22:12,27.92,85.64,5.3,NSC,Sindhupalchowk
1/12/72,4/25/15,21:02,27.95,85.56,4.2,NSC,Sindhupalchowk
1/12/72,4/25/15,20:36,28.14,85.16,4.4,NSC,Rasuwa
1/12/72,4/25/15,20:25,27.73,85.9,5,NSC,Sindhupalchowk
1/12/72,4/25/15,20:08,28.05,85.25,4.1,NSC,Rasuwa
1/12/72,4/25/15,19:55,27.73,85.9,4.7,NSC,Sindhupalchowk
1/12/72,4/25/15,19:21,27.69,86.02,4.9,NSC,Dolakha
1/12/72,4/25/15,19:47,27.68,85.32,4.1,NSC,Kathmandu
1/12/72,4/25/15,23:19,27.77,85.83,4.1,NSC,Sindhupalchowk
1/12/72,4/25/15,23:24,27.9,85.53,4,NSC,Sindhupalchowk
1/12/72,4/25/15,20:21,27.6,86.09,4.5,NSC,Dolakha
1/12/72,4/25/15,12:39,27.82,86.05,4.5,NSC,Dolakha
1/12/72,4/25/15,23:27,28.34,85.91,5.6,NSC,Tibet
1/12/72,4/25/15,7:47,27.99,85.71,5.1,NSC,Tibet
1/12/72,4/25/15,6:38,28.41,85.8,5.5,NSC,Tibet
1/12/72,4/25/15,23:46,27.78,85.98,4.1,NSC,Sindhupalchowk
1/12/72,4/25/15,23:40,28.1,85.27,4,NSC,Rasuwa
1/12/72,4/25/15,23:25,27.78,85.17,4,NSC,Nuwakot
1/12/72,4/25/15,13:53,27.79,85.16,4.1,NSC/RSC,Nuwakot
1/12/72,4/25/15,13:30,28.1,85.2,4.7,NSC/RSC,Rasuwa
1/12/72,4/25/15,8:20,27.9,84.86,5.1,NSC/RSC,Dhading
1/12/72,4/25/15,8:17,27.78,85.84,5.2,NSC/RSC,Sindhupalchowk
1/12/72,4/25/15,7:08,28.2,85.75,5.3,NSC/RSC,Rasuwa
1/12/72,4/25/15,6:56,28.13,85.65,5.7,NSC/RSC,Rasuwa
1/12/72,4/25/15,6:45,28.28,84.72,6.6,NSC/RSC,Gorkha
1/12/72,4/25/15,6:11,28.24,84.75,7.6,NSC/RSC,Gorkha
1/12/72,4/25/15,10:23,27.87,85.8,4.1,NSC,Sindhupalchowk
1/12/72,4/25/15,9:43,28.29,85.16,4.6,NSC,Rasuwa
1/12/72,4/25/15,8:29,28.18,84.95,5.2,NSC/RSC,Gorkha
1/12/72,4/25/15,8:55,27.65,85.63,5.7,NSC/RSC,Kabre
1/12/72,4/25/15,9:03,27.91,85.33,5.3,NSC/RSC,Nuwakot
1/12/72,4/25/15,12:44,28.16,84.71,5.5,NSC/RSC,Gorkha
1/12/72,4/25/15,12:17,28,85.4,4.9,NSC/RSC,Nuwakot
1/12/72,4/25/15,11:41,28.14,85.28,4.1,NSC/RSC,Rasuwa
1/12/72,4/25/15,11:05,27.91,85.5,4.6,NSC/RSC,Sindhupalchowk
1/12/72,4/25/15,10:40,27.86,85.85,4,NSC/RSC,Sindhupalchowk
1/12/72,4/25/15,16:08,27.87,85.8,4.1,NSC/RSC,Sindhupalchowk
1/12/72,4/25/15,15:28,28.29,85.16,4.6,NSC/RSC,Rasuwa
1/12/72,4/25/15,9:30,28,85.6,5.5,NSC/RSC,Sindhupalchowk
1/13/72,4/26/15,14:25,27.79,86,4.8,NSC,Sindhupalchowk
1/13/72,4/26/15,13:22,27.94,86.05,5,NSC,Tibet
1/13/72,4/26/15,13:12,27.75,85.94,5.3,NSC,Sindhupalchowk
1/13/72,4/26/15,12:54,27.84,86.05,6.9,NSC,Dolakha
1/13/72,4/26/15,10:43,28.26,85.02,4.8,NSC,Gorkha
1/13/72,4/26/15,10:35,28.04,85.5,4.5,NSC,Sindhupalchowk
1/13/72,4/26/15,9:06,27.64,85.63,5,NSC,Kavre
1/13/72,4/26/15,14:31,27.97,85.81,4.5,NSC,Sindhupalchowk
1/13/72,4/26/15,15:27,27.77,85.91,4.5,NSC,Sindhupalchowk
1/13/72,4/26/15,18:56,27.89,85.6,5,NSC,Sindhupalchowk
1/13/72,4/26/15,19:08,27.68,85.95,4,NSC,Dolakha
1/13/72,4/26/15,20:17,27.79,85.15,4,NSC,Nuwakot
1/13/72,4/26/15,20:29,27.72,85.97,4.5,NSC,Sindhupalchowk
1/13/72,4/26/15,20:42,28.31,84.97,4.5,NSC,Gorkha
1/13/72,4/26/15,21:47,27.65,85.97,4,NSC,Dolakha
1/13/72,4/26/15,22:08,27.67,85.3,4,NSC,Kathmandu
1/13/72,4/26/15,8:55,27.8,85.16,5.1,NSC,Nuwakot
1/13/72,4/26/15,8:43,28.32,84.73,4.5,NSC,Gorkha
1/13/72,4/26/15,6:16,27.84,85.12,4,NSC,Nuwakot
1/13/72,4/26/15,0:43,27.71,85.43,4.6,NSC,Kathmandu
1/13/72,4/26/15,1:29,27.93,85.56,4.1,NSC,Sindhupalchowk
1/13/72,4/26/15,1:49,28.05,85.35,4,NSC,Rasuwa
1/13/72,4/26/15,1:52,28.14,84.71,4.2,NSC,Gorkha
1/13/72,4/26/15,1:56,27.93,85.56,4.4,NSC,Sindhupalchowk
1/13/72,4/26/15,2:08,28.25,85.83,4,NSC,Rasuwa
1/13/72,4/26/15,2:14,28.24,84.82,4.3,NSC,Gorkha
1/13/72,4/26/15,2:17,27.6,85.96,4.8,NSC,Sindhupalchowk
1/13/72,4/26/15,2:49,27.98,84.99,4,NSC,Gorkha
1/13/72,4/26/15,2:52,27.82,85.8,4.8,NSC,Sindhupalchowk
1/13/72,4/26/15,5:01,27.99,85.02,5.5,NSC,Nuwakot
1/13/72,4/26/15,5:25,27.69,85.25,4,NSC,Kathmandu
1/13/72,4/26/15,5:26,27.67,86.07,4.5,NSC,Dolakha
1/13/72,4/26/15,5:32,28.05,85.34,4,NSC,Rasuwa
1/13/72,4/26/15,6:00,27.67,85.28,4,NSC,Kathmandu
1/13/72,4/26/15,0:14,27.94,85.55,4.1,NSC,Sindhupalchowk
1/13/72,4/26/15,22:10,27.95,85.87,5.3,NSC,Sindhupalchowk
1/13/72,4/26/15,22:42,27.83,86.06,4,NSC,Dolakha
1/13/72,4/26/15,23:51,27.91,85.55,4.2,NSC,Sindhupalchowk
1/14/72,4/27/15,23:30,28.19,85.03,4,NSC,Dhading
1/14/72,4/27/15,22:39,27.82,85.89,4.2,NSC,Sindhupalchowk
1/14/72,4/27/15,21:36,27.67,85.29,4.5,NSC,Kathmandu
1/14/72,4/27/15,15:17,27.8,85.12,4,NSC,Nuwakot
1/14/72,4/27/15,10:05,27.93,85.86,4,NSC,Sindhupalchowk
1/14/72,4/27/15,9:59,28.24,85.23,4.3,NSC,Rasuwa
1/14/72,4/27/15,8:18,27.67,85.55,4.2,NSC,Kavrepalanchowk
1/14/72,4/27/15,6:24,27.77,85.12,4.7,NSC,Nuwakot
1/14/72,4/27/15,0:39,28.26,85.1,4.5,NSC,Rasuwa
1/14/72,4/27/15,3:37,27.75,85.2,4.1,NSC,Kathmandu
1/14/72,4/27/15,4:15,27.56,85.73,4.2,NSC,Kavrepalanchowk
1/14/72,4/27/15,4:17,27.57,85.74,4.5,NSC,Kavrepalanchowk
1/14/72,4/27/15,4:27,27.82,85.76,4.4,NSC,Sindhupalchowk
1/15/72,4/28/15,22:07,28.2,84.78,4,NSC,Gorkha
1/15/72,4/28/15,17:03,27.88,85.88,4.2,NSC,Sindhupalchowk
1/15/72,4/28/15,16:44,27.78,85.17,4,NSC,Nuwakot
1/15/72,4/28/15,15:10,27.83,85.83,4,NSC,Sindhupalchowk
1/15/72,4/28/15,12:08,27.96,85.55,4,NSC,Sindhupalchowk
1/15/72,4/28/15,8:40,27.76,85.8,4,NSC,Sindhupalchowk
1/15/72,4/28/15,7:45,27.81,86.09,4.2,NSC,Dolakha
1/15/72,4/28/15,5:05,28.1,85.49,4.9,NSC,Sindhupalchowk
1/15/72,4/28/15,4:11,28.1,84.65,4.2,NSC,Gorkha
1/15/72,4/28/15,3:12,27.89,85.76,4.2,NSC,Sindhupalchowk
1/15/72,4/28/15,2:59,27.92,85.51,4.2,NSC,Sindhupalchowk
1/15/72,4/28/15,0:44,28.29,84.93,4.8,NSC,Gorkha
1/16/72,4/29/15,23:01,28.19,84.8,4.4,NSC,Gorkha
1/16/72,4/29/15,17:12,27.95,85.52,4.5,NSC,Sindhupalchowk
1/16/72,4/29/15,15:24,27.86,84.89,4.5,NSC,Dhading
1/16/72,4/29/15,13:17,28.04,85.37,4,NSC,Nuwakot
1/16/72,4/29/15,5:54,27.79,85.14,4.2,NSC,Nuwakot
1/16/72,4/29/15,4:49,27.93,85.63,4,NSC,Sindhupalchowk
1/17/72,4/30/15,23:19,27.92,85.87,4.3,NSC,Sindhupalchowk
1/17/72,4/30/15,13:29,27.65,86.09,4.1,NSC,Dolakha
1/17/72,4/30/15,8:31,28.05,85.34,4.7,NSC,Rasuwa
1/17/72,4/30/15,6:22,27.93,84.83,4.7,NSC,Dhading
1/18/72,5/1/15,23:59,28.04,85.32,4,NSC,Rasuwa
1/18/72,5/1/15,20:27,27.88,85.87,4.2,NSC,Sindhupalchowk
1/18/72,5/1/15,17:37,27.74,85.99,4,NSC,Dolakha
1/18/72,5/1/15,11:28,28.04,85.33,4.5,NSC,Rasuwa
1/18/72,5/1/15,10:35,27.75,85.95,4,NSC,Sindhupalchowk
1/18/72,5/1/15,2:56,27.68,85.3,4,NSC,Kathmandu
1/18/72,5/1/15,0:58,27.7,85.98,4.2,NSC,Dolakha
1/19/72,5/2/15,21:01,27.66,86.01,4.1,NSC,Dolakha
1/19/72,5/2/15,11:20,28.24,84.76,5.1,NSC,Gorkha
1/19/72,5/2/15,11:13,27.72,85.74,4,NSC,Sindhupalchowk
1/19/72,5/2/15,9:32,27.93,85.5,4.2,NSC,Sindhupalchowk
1/19/72,5/2/15,5:55,27.74,86.28,4.3,NSC,Dolakha
1/19/72,5/2/15,3:55,27.95,85.73,4.2,NSC,Sindhupalchowk
1/20/72,5/3/15,20:27,28.09,85.72,4.2,NSC,Sindhupalchowk
1/20/72,5/3/15,18:58,27.89,85.73,4,NSC,Sindhupalchowk
1/20/72,5/3/15,17:20,27.8,85.11,4.9,NSC,Nuwakot
1/20/72,5/3/15,10:46,27.94,84.83,4.5,NSC,Dhading
1/20/72,5/3/15,8:00,27.98,84.87,4.1,NSC,Dhading
1/20/72,5/3/15,5:47,28.08,85.04,4,NSC,Gorkha
1/20/72,5/3/15,22:39,28.05,84.94,4,NSC,Dhading
1/20/72,5/3/15,3:29,27.69,85.93,4.5,NSC,Sindhupalchowk
1/21/72,5/4/15,18:02,27.74,86,4.2,NSC,Dolakha
1/21/72,5/4/15,13:17,28.12,84.8,4,NSC,Gorkha
1/21/72,5/4/15,15:40,27.95,85.86,4.4,NSC,Sindhupalchowk
1/21/72,5/4/15,14:34,27.79,86.23,4.7,NSC,Dolakha
1/21/72,5/4/15,10:36,27.8,85.16,4.1,NSC,Nuwakot
1/21/72,5/4/15,10:33,27.79,85.16,4,NSC,Nuwakot
1/21/72,5/4/15,9:54,27.97,85.21,4.2,NSC,Nuwakot
1/21/72,5/4/15,7:00,27.69,85.99,4.3,NSC,Dolakha
1/21/72,5/4/15,4:59,27.75,85.87,4.2,NSC,Sindhupalchowk
1/22/72,5/5/15,17:00,27.96,86,4.2,NSC,Sindhupalchowk
1/22/72,5/5/15,16:23,27.74,86.03,4.3,NSC,Dolakha
1/22/72,5/5/15,6:39,28.06,85.05,4,NSC,Dhading
1/23/72,5/6/15,18:02,28.01,84.68,4.2,NSC,Gorkha
1/23/72,5/6/15,22:19,28.04,85.26,4,NSC,Rasuwa
1/24/72,5/7/15,3:41,27.75,85.19,4.2,NSC,Nuwakot
1/24/72,5/7/15,7:56,27.79,85.16,4,NSC,Nuwakot
1/24/72,5/7/15,22:15,27.92,85.46,4,NSC,Nuwakot
1/25/72,5/8/15,15:05,28.01,85.41,4.2,NSC,Nuwakot
1/25/72,5/8/15,13:32,27.77,85.88,4.8,NSC,Sindhupalchowk
1/25/72,5/8/15,8:19,27.75,85.91,4.2,NSC,Sindhupalchowk
1/25/72,5/8/15,6:17,27.69,86.04,5,NSC,Dolakha
1/25/72,5/8/15,2:19,27.94,85.58,4,NSC,Sindhupalchowk
1/26/72,5/9/15,3:08,28.04,85.2,4.1,NSC,Rasuwa
1/27/72,5/10/15,1:50,28.04,85.96,4.2,NSC,Tibet
1/27/72,5/10/15,6:34,27.88,86,4.4,NSC,Sindhupalchowk
1/27/72,5/10/15,2:44,26.94,86.67,4,NSC,Udayapur
1/27/72,5/10/15,11:08,28.02,85.25,4,NSC,Rasuwa
1/27/72,5/10/15,15:23,27.65,85.56,4.2,NSC,kavre
1/28/72,5/11/15,23:54,27.91,85.75,4,NSC,Sindhupalchowk
1/28/72,5/11/15,20:35,27.99,85.86,4.2,NSC,Sindhupalchowk
1/29/72,5/12/15,15:49,27.68,86.03,4.4,NSC,Dolakha
1/29/72,5/12/15,16:00,27.57,86.29,4.8,NSC,Ramechhap
1/29/72,5/12/15,16:16,27.69,86.05,4.2,NSC,Dolakha
1/29/72,5/12/15,16:20,27.73,86.11,5,NSC,Dolakha
1/29/72,5/12/15,16:26,27.76,86.24,4.4,NSC,Dolakha
1/29/72,5/12/15,16:51,27.62,86.16,4.7,NSC,Dolakha
1/29/72,5/12/15,17:06,27.72,86.2,4.6,NSC,Dolakha
1/29/72,5/12/15,18:53,27.72,85.97,4,NSC,Dolakha
1/29/72,5/12/15,17:43,27.71,86,4.3,NSC,Dolakha
1/29/72,5/12/15,18:13,27.7,86.04,4.7,NSC,Dolakha
1/29/72,5/12/15,19:28,27.78,85.85,4.3,NSC,Sindhupalchowk
1/29/72,5/12/15,19:42,27.84,86.23,4.4,NSC,Dolakha
1/29/72,5/12/15,20:44,28.03,86.36,4.1,NSC,Tibet
1/29/72,5/12/15,21:13,27.97,86.45,4.8,NSC,Tibet
1/29/72,5/12/15,18:47,27.89,85.88,4.4,NSC,Sindhupalchowk
1/29/72,5/12/15,22:17,27.68,86.04,4.2,NSC,Dolakha
1/29/72,5/12/15,23:13,27.58,86.41,4.3,NSC,Ramechhap
1/29/72,5/12/15,15:29,27.8,85.95,4.2,NSC,Sindhupalchowk
1/29/72,5/12/15,15:14,27.7,86.01,4.2,NSC,Dolakha
1/29/72,5/12/15,0:07,28.1,84.91,4,NSC,Dhading
1/29/72,5/12/15,2:08,28.16,84.9,4.1,NSC,Gorkha
1/29/72,5/12/15,12:50,27.82,86.12,6.8,NSC/RSC,Dolakha
1/29/72,5/12/15,13:21,27.73,86.21,6.2,NSC/RSC,Dolakha
1/29/72,5/12/15,13:58,27.8,85.83,5.3,NSC,Sindhupalchowk
1/29/72,5/12/15,14:44,27.76,86.31,5.3,NSC,Dolakha
1/29/72,5/12/15,13:02,27.84,86.17,5.8,NSC,Dolakha
1/29/72,5/12/15,13:28,27.69,86.24,5,NSC,Dolakha
1/29/72,5/12/15,13:33,27.63,86.17,4.8,NSC,Dolakha
1/29/72,5/12/15,13:46,27.68,86.04,4.3,NSC,Dolakha
1/29/72,5/12/15,14:47,27.8,86.12,4.7,NSC,Dolakha
1/29/72,5/12/15,14:24,27.69,86.21,4.7,NSC,Dolakha
1/29/72,5/12/15,14:20,27.68,86.23,4.7,NSC,Dolakha
1/29/72,5/12/15,14:19,27.88,85.94,4.8,NSC,Sindhupalchowk
1/29/72,5/12/15,14:09,27.79,86.11,5,NSC,Dolakha
1/29/72,5/12/15,14:06,27.66,86.17,5.2,NSC,Dolakha
1/29/72,5/12/15,13:51,27.8,85.94,5.1,NSC,Sindhupalchowk
1/30/72,5/13/15,12:38,27.68,86.17,5.1,NSC,Dolakha
1/30/72,5/13/15,14:30,27.6,86.16,4.3,NSC,Dolakha
1/30/72,5/13/15,15:37,27.85,86.29,4,NSC,Dolakha
1/30/72,5/13/15,3:42,27.85,85.92,4.2,NSC,Sindhupalchowk
1/30/72,5/13/15,16:44,27.63,86.17,4.5,NSC,Dolakha
1/30/72,5/13/15,21:21,27.64,85.7,4,NSC,Kavrepalanchok
1/30/72,5/13/15,21:36,27.7,86.15,4.1,NSC,Dolakha
1/30/72,5/13/15,12:34,27.84,86.25,4.6,NSC,Dolakha
1/30/72,5/13/15,12:22,27.79,86.07,4.8,NSC,Dolakha
1/30/72,5/13/15,2:07,27.68,85.3,4.2,NSC,Kathmandu
1/30/72,5/13/15,3:10,27.91,84.82,5.9,NSC,Dhading
1/30/72,5/13/15,4:38,27.82,86.47,4.3,NSC,Dolakha
1/30/72,5/13/15,8:08,27.65,86.18,4.4,NSC,Dolakha
1/30/72,5/13/15,8:28,27.75,86.25,4.4,NSC,Dolakha
1/30/72,5/13/15,10:33,27.79,86.19,4.6,NSC,Dolakha
1/30/72,5/13/15,12:11,27.69,86.11,4.7,NSC,Sindhupalchowk
1/31/72,5/14/15,21:40,27.84,85.84,4,NSC,Sindhupalchowk
1/31/72,5/14/15,20:50,27.71,86.04,4,NSC,Dolakha
1/31/72,5/14/15,20:21,28.06,85.35,4.5,NSC,Rasuwa
1/31/72,5/14/15,19:43,27.75,86.14,4,NSC,Dolakha
1/31/72,5/14/15,15:20,27.62,86.09,4.2,NSC,Dolakha
1/31/72,5/14/15,9:06,27.83,86.15,4.5,NSC,Dolakha
1/31/72,5/14/15,8:52,27.8,85.82,4,NSC,Sindhupalchowk
1/31/72,5/14/15,3:23,27.67,86.08,5,NSC,Dolakha
1/31/72,5/14/15,3:13,27.66,86.07,4.1,NSC,Dolakha
1/31/72,5/14/15,0:16,27.92,86.31,4.3,NSC,Dolakha
2/1/72,5/15/15,22:58,27.74,86.17,4,NSC,Dolakha
2/1/72,5/15/15,15:09,27.61,86.2,4.5,NSC,Dolakha
2/1/72,5/15/15,10:51,27.92,84.84,4,NSC,Dhading
2/1/72,5/15/15,7:27,27.93,84.84,5.5,NSC,Dhading
2/1/72,5/15/15,4:06,27.69,86.08,4.3,NSC,Dolakha
2/1/72,5/15/15,3:38,27.63,86.25,4.1,NSC,Dolakha
2/2/72,5/16/15,20:44,27.64,86.14,4.3,NSC,Dolakha
2/2/72,5/16/15,17:19,27.6,86.26,5.5,NSC,Dolakha
2/2/72,5/16/15,9:35,27.45,85.31,4.2,NSC,Lalitpur
2/2/72,5/16/15,9:24,27.7,85.85,4.2,NSC,Sindhupalchowk
2/2/72,5/16/15,6:31,28.13,84.89,4,NSC,Gorkha
2/2/72,5/16/15,6:11,27.97,85.48,4,NSC,Nuwakot
2/2/72,5/16/15,4:38,27.66,86.09,4.1,NSC,Dolakha
2/2/72,5/16/15,4:28,27.65,86.12,4.1,NSC,Dolakha
2/2/72,5/16/15,2:15,28.07,84.7,4,NSC,Gorkha
2/3/72,5/17/15,5:00,27.73,86.06,4.4,NSC,Dolakha
2/3/72,5/17/15,11:30,27.48,85.87,4.6,NSC,Ramechhap
2/3/72,5/17/15,20:40,27.84,86.24,4.4,NSC,Dolakha
2/4/72,5/18/15,11:24,27.69,86.26,4,NSC,Dolakha
2/4/72,5/18/15,18:27,28.11,84.88,4.1,NSC,Dhading
2/4/72,5/18/15,9:11,27.71,86.07,4.2,NSC,Dolakha
2/5/72,5/19/15,4:34,27.66,86.03,4.3,NSC,Dolakha
2/5/72,5/19/15,11:29,27.9,85.99,4,NSC,Sindhupalchowk
2/5/72,5/19/15,16:44,27.92,86.04,4.2,NSC,Sindhupalchowk
2/6/72,5/20/15,11:10,27.84,86.33,4.2,NSC,Dolakha
2/6/72,5/20/15,14:47,27.52,85.26,4.4,NSC,Lalitput
2/7/72,5/21/15,19:30,28.02,84.98,4,NSC,Dhading
2/7/72,5/21/15,14:56,27.93,85.46,4,NSC,Nuwakot
2/7/72,5/21/15,14:11,27.85,86.32,4.2,NSC,Dolakha
2/8/72,5/22/15,14:45,27.79,85.14,4.2,NSC,Nuwakot
2/8/72,5/22/15,16:44,28.05,85.08,4.8,NSC,Nuwakot
2/8/72,5/22/15,17:30,27.63,86.25,4.1,NSC,Dolakha
2/8/72,5/22/15,18:49,27.78,85.93,4,NSC,Sindhupalchowk
2/8/72,5/22/15,20:44,27.69,86.16,4.1,NSC,Dolakha
2/8/72,5/22/15,19:07,30.31,81.47,4.8,NSC,Humla
2/9/72,5/23/15,22:26,27.9,85.51,4.4,NSC,Sindhupalchowk
2/9/72,5/23/15,13:14,27.74,86.2,4.2,NSC,Dolakha
2/10/72,5/24/15,7:06,27.67,86.18,4.2,NSC,Dolakha
2/10/72,5/24/15,10:38,27.76,86.28,4.4,NSC,Dolakha
2/10/72,5/24/15,11:46,27.84,86,4.2,NSC,Sindhupalchowk
2/10/72,5/24/15,12:55,27.8,86.29,4.4,NSC,Dolakha
2/10/72,5/24/15,23:15,27.76,86.26,4.3,NSC,Dolakha
2/11/72,5/25/15,22:16,27.74,86.19,4.4,NSC,Dolakha
2/11/72,5/25/15,11:00,27.71,86.07,4.1,NSC,Dolakha
2/11/72,5/25/15,3:23,28.01,84.68,5,NSC,Gorkha
2/12/72,5/26/15,14:11,27.84,86.24,4.3,NSC,Dolakha
2/12/72,5/26/15,17:48,27.63,86.3,4.1,NSC,Dolakha
2/12/72,5/26/15,18:39,27.71,86.05,4.1,NSC,Dolakha
2/12/72,5/26/15,20:00,27.54,85.43,4.3,NSC,Lalitpur
2/12/72,5/26/15,22:52,28.02,85.26,5,NSC,Rasuwa
2/13/72,5/27/15,22:29,28.04,85.13,4.2,NSC,Nuwakot
2/13/72,5/27/15,13:16,27.89,85.53,4.6,NSC,Sindhupalchowk
2/13/72,5/27/15,13:15,27.91,85.53,4.5,NSC,Sindhupalchowk
2/13/72,5/27/15,12:03,27.59,86.2,4.2,NSC,Dolakha
2/14/72,5/28/15,22:16,27.94,85.54,4,NSC,Sindhupalchowk
2/14/72,5/28/15,12:14,27.59,86.16,4.1,NSC,Dolakha
2/14/72,5/28/15,11:36,27.59,86.19,4.2,NSC,Dolakha
2/14/72,5/28/15,5:29,27.77,86.25,4.2,NSC,Dolakha
2/14/72,5/28/15,5:12,27.64,85.31,4,NSC,Kathmandu
2/14/72,5/28/15,3:40,27.95,84.8,4,NSC,Dhading
2/14/72,5/28/15,3:07,27.99,84.79,4,NSC,Dhading
2/15/72,5/29/15,0:37,27.82,86.34,4.2,NSC,Dolakha
2/15/72,5/29/15,5:20,28.07,84.94,4.2,NSC,Dhading
2/15/72,5/29/15,8:30,28.17,84.72,4,NSC,Gorkha
2/15/72,5/29/15,12:30,28.01,84.84,4.8,NSC,Dhading
2/15/72,5/29/15,15:44,28,84.98,5.2,NSC,Dhading
2/16/72,5/30/15,22:13,27.79,85.17,4.5,NSC,Nuwakot
2/16/72,5/30/15,20:35,28.01,85.19,4,NSC,Rasuwa
2/16/72,5/30/15,1:52,27.75,85.21,4,NSC,Dhading
2/17/72,5/31/15,13:54,28.29,84.46,4.2,NSC,Lamjung
2/18/72,6/1/15,22:50,27.98,85.51,4,NSC,Sindhupalchowk
2/19/72,6/2/15,5:03,27.78,86.2,4,NSC,Dolakha
2/19/72,6/2/15,20:33,30,81.75,4.7,NSC/RSC,Humla
2/20/72,6/3/15,11:53,27.7,86.26,4.5,NSC,Dolakha
2/20/72,6/3/15,8:54,27.76,86.07,4.2,NSC,Dolakha
2/20/72,6/3/15,7:52,27.79,85.87,4.5,NSC,Sindhupalchowk
2/20/72,6/3/15,21:00,27.84,85.78,4.1,NSC,Sindhupalchowk
2/21/72,6/4/15,10:30,27.76,86.2,4,NSC,Dolakha
2/22/72,6/5/15,4:17,27.79,85.78,4.1,NSC,Sindhupalchowk
2/22/72,6/5/15,8:31,27.7,85.22,4,NSC,Kathmandu
2/23/72,6/6/15,17:00,27.58,86.18,4,NSC,Dolakha
2/23/72,6/6/15,20:48,28.26,85.86,4.2,NSC,Tibet
2/24/72,6/7/15,5:17,27.9,85.64,4.6,NSC,Sindhupalchowk
2/24/72,6/7/15,16:50,27.87,86.13,4.1,NSC,Dolakha
2/27/72,6/10/15,21:05,27.87,85.81,4.1,NSC,Sindhupalchowk
2/27/72,6/10/15,7:51,27.8,85.61,4.3,NSC,Sindhupalchowk
2/27/72,6/10/15,9:06,27.62,86.1,4.2,NSC,Dolakha
2/28/72,6/11/15,16:12,27.96,85.73,5.3,NSC,Sindhupalchowk
2/28/72,6/11/15,4:17,27.8,85.78,4.6,NSC,Sindhupalchowk
2/28/72,6/11/15,18:41,27.67,86.07,4,NSC,Dolakha
2/29/72,6/12/15,19:37,28.21,84.81,4.6,NSC,Gorkha
2/29/72,6/12/15,4:34,27.67,86.09,4.4,NSC,Dolakha
2072-2-30,6/13/15,1:18,27.73,86.16,5.2,NSC,Dolakha
2072-2-31,6/14/15,9:16,27.74,86.26,4.1,NSC,Dolakha
2072-2-31,6/14/15,0:14,27.8,85.15,4.2,NSC,Nuwakot
2072-2-32,6/15/15,10:07,27.87,85.72,4.1,NSC,Sindhupalchowk
3/1/72,6/16/15,16:11,27.7,86.16,4.1,NSC,Dolakha
3/2/72,6/17/15,0:13,27.68,85.28,4.4,NSC,Kathmandu
3/2/72,6/17/15,0:29,27.91,85.59,5.2,NSC,Sindhupalchowk
3/2/72,6/17/15,0:41,27.9,85.58,4,NSC,Sindhupalchowk
3/2/72,6/17/15,2:15,28.27,85.94,5.1,NSC,Tibet
3/3/72,6/18/15,2:39,28.14,85.11,4.1,NSC,Dhading
3/4/72,6/19/15,20:05,28.26,84.92,4,NSC,Gorkha
3/5/72,6/20/15,20:55,28.17,84.94,4.2,NSC,Gorkha
3/5/72,6/20/15,12:23,28.65,82.76,5.4,NSC,Rukum
3/6/72,6/21/15,13:41,27.8,86,4.3,NSC,Sindhupalchowk
3/7/72,6/22/15,7:34,27.67,86.17,4,NSC,Dolakha
3/9/72,6/24/15,9:14,27.85,85.75,4,NSC,Sindhupalchowk
3/10/72,6/25/15,18:06,27.94,85.49,4.2,NSC,Sindhupalchowk
3/10/72,6/25/15,18:04,27.66,86.21,4.1,NSC,Dolakha
3/10/72,6/25/15,15:22,27.78,85.17,4.3,NSC,Nuwakot
3/11/72,6/26/15,9:00,27.58,85.39,4.1,NSC,Lalitpur
3/11/72,6/26/15,12:17,27.74,86.28,4.2,NSC,Dolakha
3/13/72,6/28/15,16:16,27.92,85.66,4.3,NSC,Sindhupalchowk
3/14/72,6/29/15,23:57,27.35,86.2,5,NSC,Ramechhap
3/14/72,6/29/15,17:42,27.92,85.68,4.1,NSC,Sindhupalchowk
3/14/72,6/29/15,17:49,27.93,85.64,4,NSC,Sindhupalchowk
3/15/72,6/30/15,21:46,27.55,85.79,4.4,NSC,Kavre
3/16/72,7/1/15,21:48,27.8,85.74,4,NSC,Sindhupalchowk
3/16/72,7/1/15,3:27,27.71,86.12,4,NSC,Dolakha
3/16/72,7/1/15,9:39,28.06,85.14,4,NSC,Nuwakot
3/17/72,7/2/15,23:41,27.67,85.54,4.1,NSC,Kavre
3/17/72,7/2/15,1:56,27.97,85.62,5,NSC,Sindhupalchowk
3/19/72,7/4/15,20:04,27.73,85,4.6,NSC,Dhading
3/20/72,7/5/15,4:22,27.67,86.2,4.2,NSC,Dolakha
3/20/72,7/5/15,19:42,27.86,85.87,4.4,NSC,Sindhupalchowk
3/21/72,7/6/15,5:03,27.69,86.2,4.3,NSC,Dolakha
3/21/72,7/6/15,15:29,27.96,85.75,4.4,NSC,Sindhupalchowk
3/22/72,7/7/15,9:31,29.69,81.74,4.6,RSC,Bajura
3/22/72,7/7/15,15:21,28.48,83.13,4.2,NSC/RSC,Baglung
3/23/72,7/8/15,4:34,27.6,86.23,4.1,NSC,Dolakha
3/23/72,7/8/15,4:10,27.92,85.68,4.2,NSC,Sindhupalchowk
3/24/72,7/9/15,12:14,27.89,85.73,4.4,NSC,Sindhupalchowk
3/26/72,7/11/15,20:43,27.8,86.23,4.4,NSC,Dolakha
3/28/72,7/13/15,10:16,28.06,85.34,4,NSC,Rasuwa
3/28/72,7/13/15,11:54,27.63,86.09,4.2,NSC,Dolakha
3/30/72,7/15/15,2:29,29.8,80.73,4.1,RSC,Darchula
4/1/72,7/17/15,23:24,28.18,84.74,4,NSC,Gorkha
4/5/72,7/21/15,2:24,27.86,86.39,4.3,NSC,Dolakha
4/6/72,7/22/15,16:29,27.7,85.32,4.6,NSC/RSC,Kathmandu
4/9/72,7/25/15,18:20,27.61,86.28,4.3,NSC,Dolakha
4/9/72,7/25/15,14:19,27.66,86,4.5,NSC,Dolakha
4/10/72,7/26/15,3:45,27.68,86.22,4.1,NSC,Dolakha
4/10/72,7/26/15,4:18,27.85,85.75,4,NSC,Sindhupalchowk
4/11/72,7/27/15,12:38,27.94,85.48,4.2,NSC,Nuwakot
4/12/72,7/28/15,15:38,27.59,86.17,4.1,NSC,Dolakha
4/12/72,7/28/15,12:53,27.68,86.04,4,NSC,Dolakha
4/12/72,7/28/15,3:36,27.8,85.75,4.1,NSC,Sindhupalchowk
4/14/72,7/30/15,14:33,27.66,86.09,4.5,NSC/RSC,Dolakha
4/16/72,8/1/15,1:37,27.81,85.71,4.2,NSC,Sindhupalchowk
4/20/72,8/5/15,8:14,27.64,86.07,4.3,NSC,Dolakha
4/20/72,8/5/15,11:53,27.63,86.07,4.1,NSC,Dolakha
4/21/72,8/6/15,14:51,27.86,85.76,4.1,NSC,Sindhupalchowk
4/22/72,8/7/15,6:12,27.5,85.5,4.4,NSC,Kavre
4/23/72,8/8/15,0:39,27.77,85.7,4,NSC,Sindhupalchowk
4/23/72,8/8/15,15:40,27.69,86.26,4.1,NSC,Dolakha
4/24/72,8/9/15,2:10,27.94,85.52,4.1,NSC,Sindhupalchowk
4/24/72,8/9/15,18:36,30.1,81.85,4,RSC/NSC,Humla
4/25/72,8/10/15,22:30,28.14,84.72,4.9,NSC,Gorkha
4/26/72,8/11/15,4:57,27.7,85.29,4.3,NSC,Kathmandu
4/28/72,8/13/15,20:04,27.72,85.2,4,NSC,Kathmandu
4/29/72,8/14/15,13:02,27.59,85.97,4.3,NSC,Dolakha
4/30/72,8/15/15,4:25,27.87,86.08,4.1,NSC,Dolakha
4/30/72,8/15/15,18:11,27.71,86.05,4.8,NSC,Dolakha
5/1/72,8/18/15,22:23,27.93,86.14,4.8,NSC,Dolakha
5/3/72,8/20/15,6:02,28,85.29,4.6,NSC,Rasuwa
5/4/72,8/21/15,6:36,27.96,85.48,4,NSC,Nuwakot
5/6/72,8/23/15,9:02,27.87,86.17,5.1,NSC,Dolakha
5/8/72,8/25/15,9:23,27.68,86.22,4,NSC,Dolakha
5/9/72,8/26/15,7:46,30.11,81.53,4.1,RSC,Humla
5/10/72,8/27/15,19:06,27.85,85.74,4.2,NSC,Sindhupalchowk
5/10/72,8/27/15,0:22,28.12,84.89,4.1,NSC,Gorkha
5/13/72,8/30/15,21:24,27.92,84.94,4.3,NSC,Dhading
5/13/72,8/30/15,2:41,27.66,86.23,4.1,NSC,Dolakha
5/13/72,8/30/15,13:17,27.72,85.75,5,NSC,Sindhupalchowk
5/14/72,8/31/15,17:48,27.92,85.69,4.2,NSC,Sindhupalchowk
5/16/72,9/2/15,23:06,27.64,86.19,4.4,NSC,Dolakha
5/17/72,9/3/15,23:25,27.75,86.01,4.3,NSC,Sindhupalchowk
5/23/72,9/9/15,12:38,27.82,86.24,4,NSC,Dolakha
5/30/72,9/16/15,14:52,27.6,86.19,4.2,NSC,Dolakha
6/3/72,9/20/15,22:20,27.76,86.37,4,NSC,Dolakha
6/5/72,9/22/15,6:32,27.74,85.07,4.5,NSC,Dhading
6/12/72,9/29/15,10:54,27.77,85.87,4.6,NSC,Sindhupalchowk
6/12/72,9/29/15,9:27,29.83,80.6,4.6,RSC,Darchula
6/18/72,10/5/15,7:33,27.71,86.15,4.8,NSC,Dolakha
6/18/72,10/5/15,7:36,27.71,86.1,4.2,NSC,Dolakha
6/19/72,10/6/15,12:02,27.69,86.09,4.2,NSC,Dolakha
6/20/72,10/7/15,23:30,27.68,86.08,4.2,NSC,Dolakha
6/21/72,10/8/15,7:15,27.57,85.31,4,NSC,Lalitpur
6/21/72,10/8/15,16:13,27.96,85.54,4.1,NSC,Sindupalchowk
6/29/72,10/16/15,8:43,27.71,86.16,4.2,NSC,Dolakha
6/30/72,10/17/15,18:01,27.8,86.3,4.2,NSC,Dolakha
7/14/72,10/31/15,3:43,28.03,85.23,4.3,NSC,Rasuwa
7/26/72,11/12/15,10:00,27.99,85.65,4.2,NSC,Sindhupalchowk
8/1/72,11/17/15,13:10,28.02,85.28,4.3,NSC,Rasuwa
8/3/72,11/19/15,4:15,27.89,85.75,5.3,NSC,Sindhupalchowk
8/3/72,11/19/15,11:59,27.77,85.88,4,NSC,Sindhupalchowk
8/4/72,11/20/15,8:00,28.35,83.36,4,NSC/RSC,Baglung
8/6/72,11/22/15,13:26,28.43,83.3,4.1,NSC/RSC,Myagdi
8/8/72,11/24/15,11:15,27.87,85.29,4,NSC,Nuwakot
8/8/72,11/24/15,12:24,28.15,84.81,4.4,NSC,Gorkha
8/9/72,11/25/15,18:57,27.87,85.77,4.1,NSC,Sindhupalchowk
8/11/72,11/27/15,9:38,27.63,85.53,4.1,NSC,kavrepalanchok
8/11/72,11/27/15,10:37,27.11,87.95,4.6,NSC,Panchthar
8/14/72,11/30/15,0:25,27.78,85.39,4.1,NSC,Kathmandu
8/21/72,12/7/15,1:42,27.86,86.19,4,NSC,Dolakha
8/27/72,12/13/15,3:00,28.04,85.02,4.1,NSC,Dhading
9/3/72,12/18/15,22:16,29.44,81.69,5.5,NSC/RSC,Bajura
9/8/72,12/23/15,3:14,27.79,86.08,4.1,NSC,Dolakha
9/11/72,12/26/15,4:48,29.35,81.29,4.1,NSC,Bajura
9/13/72,12/28/15,22:07,27.7,86.12,4.2,NSC,Dolakha
9/16/72,12/31/15,1:56,27.86,85.72,4.3,NSC,Sindhupalchowk
9/18/72,1/2/16,21:30,28.01,85.8,4.2,NSC,Sindhupalchowk
9/20/72,1/4/16,13:02,27.75,86.12,4.1,NSC,Dolakha
9/25/72,1/9/16,17:43,27.48,86.01,4.4,NSC,Ramechhap
10/1/72,1/15/16,17:14,27.65,86.23,4.3,NSC,Dolakha
10/1/72,1/15/16,13:05,27.63,86.25,4.1,NSC,Dolakha
10/8/72,1/22/16,19:22,28.06,85.09,4.6,NSC,Nuwakot
10/13/72,1/27/16,14:57,26.68,86.27,4.2,NSC,Siraha
10/13/72,1/27/16,20:42,27.83,85.83,4.4,NSC,Sindhupalchowk
10/22/72,2/5/16,16:20,27.95,85.52,5.5,NSC,Sindhupalchowk
10/27/72,2/10/16,16:27,27.84,85.71,4.6,NSC,Sindhupalchowk
11/1/72,2/13/16,14:37,27.81,85.72,4.3,NSC,Sindhupalchowk
11/8/72,2/20/16,22:09,27.86,85.29,4.1,NSC,Nuwakot
11/9/72,2/21/16,18:09,28.08,84.76,5.5,NSC,Gorkha
11/11/72,2/23/16,3:00,27.47,87.15,4.5,NSC,Sankhuwasava
11/12/72,2/24/16,9:22,27.8,85.74,5.4,NSC,Sindhupalchowk
11/18/72,3/1/16,10:45,27.79,85.73,4.3,NSC,Sindhupalchowk
11/23/72,3/6/16,1:25,27.69,85.93,4,NSC,Sindhupalchowk
11/24/72,3/7/16,8:05,30.22,81.7,4.4,NSC/RSC,Humla
11/28/72,3/11/16,9:28,27.9,85.87,4.2,NSC,Sindhupalchowk
11/30/72,3/13/16,5:15,27.83,84.9,4.8,NSC,Dhading
12/2/72,3/15/16,21:27,27.84,85.73,4.5,NSC,Sindhupalchowk
12/4/72,3/17/16,5:14,27.34,86.27,4,NSC,Okhaldhunga
12/11/72,3/24/16,23:41,27.75,88.04,4.1,NSC,Taplejung
12/17/72,3/30/16,12:26,27.89,85.73,4.7,NSC,Sindhupalchowk
12/18/72,3/31/16,22:41,27.93,85.59,4,NSC,Sindhupalchowk
12/22/72,4/4/16,4:31,27.72,86.09,4.7,NSC,Dolakha
12/22/72,4/4/16,3:55,29.81,81.51,4.3,RSC/NSC,Bajhang
12/27/72,4/9/16,13:20,27.65,85.31,4.5,NSC,Lalitpur
12/30/72,4/12/16,14:41,27.56,86.17,4.4,NSC,Dolakha
1/10/73,4/22/16,11:04,27.79,85.85,4,NSC,Sindhupalchowk
1/10/73,4/22/16,6:56,27.72,86.29,4,NSC,Dolakha
1/12/73,4/24/16,20:31,28.08,85.13,4.2,NSC,Nuwakot
1/14/73,4/26/16,9:33,28.05,85.38,4.3,NSC,Rasuwa
1/18/73,4/30/16,6:43,29.54,81.1,4.2,RSC/NSC,Bajhang
1/22/73,5/4/16,5:32,29.38,81.88,4,RSC/NSC,Kalikot
1/23/73,5/5/16,4:46,28.24,84.99,4.1,NSC,Gorkha/Dhading
1/29/73,5/11/16,1:19,28.01,84.94,4.4,NSC,Dhading
1/29/73,5/11/16,8:52,28.01,84.68,4.5,NSC,Gorkha
1/31/73,5/13/16,19:24,27.69,86.24,4.1,NSC,Dolakha
2/1/73,5/14/16,23:20,27.97,85.55,4.3,NSC,Sindhupalchowk
2/2/73,5/15/16,22:45,27.93,85.5,4.4,NSC/RSC,Sindhupalchowk
2/11/73,5/24/16,19:09,27.73,85.16,4.2,NSC/RSC,Dhading
2/15/73,5/28/16,9:39,27.94,85.5,4.6,NSC/RSC,Sindhupalchowk
2/21/73,6/3/16,23:25,27.96,85.62,4.4,NSC,Sindhupalchowk
2073-2-32,6/14/16,23:27,28.03,84.64,4.3,NSC,Gorkha
3/7/73,6/21/16,5:49,27.93,85.21,4.4,NSC,Nuwakot
3/8/73,6/22/16,13:00,27.76,86.34,4.1,NSC,Dolakha
3/15/73,6/29/16,9:26,29.63,81.24,4.2,RSC/NSC,Bajhang
3/15/73,6/29/16,9:10,29.63,81.28,5,RSC/NSC,Bajhang
3/18/73,7/2/16,0:23,29.64,81.28,4.4,RSC/NSC,Bajhang
3/23/73,7/7/16,8:59,28.31,84.35,4.3,NSC/RSC,Lamjung
3/23/73,7/7/16,11:53,27.92,85.66,4.4,NSC,Sindhupalchowk
3/24/73,7/8/16,22:23,27.84,86.16,4.1,NSC,Dolakha
4/8/73,7/23/16,6:14,27.99,84.71,4.1,NSC,Gorkha
5/11/73,8/27/16,12:03,29.81,81.56,4,RSC/NSC,Bajura
5/20/73,9/5/16,0:37,27.82,86.14,4.1,NSC,Dolakha
5/20/73,9/5/16,2:04,27.78,86.35,4.5,NSC,Dolakha
6/2/73,9/18/16,17:12,27.91,85.77,4.6,NSC,Sindhupalchowk
6/21/73,10/7/16,4:52,27.65,86.13,4.2,NSc,Dolakha
6/25/73,10/11/16,7:08,27.67,85.95,4.6,NSC,Dolakha
6/26/73,10/12/16,8:29,27.66,85.95,4.1,NSC,Dolakha
6/29/73,10/15/16,12:37,28.04,85.17,4.1,NSC,Rasuwa
7/1/73,10/17/16,4:18,27.87,85.3,4,NSC,Nuwakot
7/21/73,11/6/16,16:02,29.69,81.05,4,RSC/NSC,Bajhang
8/13/73,11/28/16,23:35,27.79,86.58,5.6,"NSC,RSC",Ramechap/Solukhumbu
9/19/73,1/3/17,18:41,29.71,81.57,4,RSC/NSC,Bajura
10/22/73,2/4/17,12:13,27.73,86.08,4.4,NSC,Dolakha
10/28/73,2/10/17,11:13,29.88,80.61,4.1,NSC/RSC,Darchula
11/7/73,2/18/17,0:15,27.79,84.8,4,NSC,Dhading
11/16/73,2/27/17,3:37,27.36,86.12,4.6,NSC,Ramechhap
11/16/73,2/27/17,4:21,27.38,86.13,4.7,NSC,Ramechhap
11/27/73,3/10/17,1:43,30.37,81.57,4.1,RSC/NSC,Humla
1/11/74,4/24/17,15:04,29.75,81.31,4.1,NSC/RSC,Bajhang
1/11/74,4/24/17,11:19,27.86,85.77,4.2,NSC,Sindhupalchowk
2/16/74,5/30/17,17:38,29.64,80.97,4.1,RSC/NSC,Bajhang
2074-2-29,6/12/17,11:54,27.62,86.1,4.1,NSC,Dolakha
2074-2-31,6/14/17,3:42,27.88,88.13,4.1,NSC,Taplejung-Tibet Border
3/14/74,6/28/17,18:24,27.66,86.41,4.2,NSC,Ramechhap
3/18/74,7/2/17,1:58,27.34,86.49,5.1,NSC,Okhaldhunga
3/31/74,7/15/17,16:35,28.94,81.75,4,NSC/RSC,Dailekh
4/9/74,7/24/17,4:44,27.56,85.96,4,NSC,Dolakha
5/5/74,8/21/17,12:03,27.66,86.27,4.6,NSC,Dolakha
5/6/74,8/22/17,0:50,29.41,81.1,4.9,RSC/NSC,Bajhang
5/8/74,8/24/17,10:40,28.06,85.94,4.8,NSC,Sindhupalchowk-Tibet border
6/5/74,9/21/17,7:19,27.62,86.25,4.6,NSC,Dolakha
6/16/74,10/2/17,1:22,28.83,82.55,4.1,NSC/RSC,Rukum
6/29/74,10/15/17,23:17,28.5,83.32,4.2,NSC,Myagdi
7/9/74,10/26/17,12:51,29.08,81.45,4,NSC/RSC,Achham
7/20/74,11/6/17,3:09,29.78,81.28,4.5,RSC/NSC,Bajhang
8/22/74,12/8/17,2:51,27.63,86.19,5.2,NSC,Dolakha
9/3/74,12/18/17,11:33,27.96,85.68,4.2,NSC,Sindhupalchowk
9/13/74,12/28/17,7:45,29.82,80.76,4.5,RSC/NSC,Darchula
10/5/74,1/19/18,2:53,27.72,86.01,4.3,NSC,Dolakha
11/9/74,2/21/18,15:59,28.07,85.96,4.3,NSC,Tibet
11/15/74,2/27/18,19:00,27.7,86.33,4.3,NSC,Dolakha
11/18/74,3/2/18,5:06,27.7,86.33,4.6,NSC,Dolakha
1/22/75,5/5/18,15:04,27.74,88.13,4.4,NSC,Taplejung
2/10/75,5/24/18,14:25,29.98,80.54,4.6,RSC/NSC,Dharchula
2/17/75,5/31/18,16:00,28.9,81.77,4.3,RSC/NSC,Dailekh
2/17/75,5/31/18,20:32,28.17,84.89,4.1,NSC,gorkha
2/18/75,6/1/18,15:22,27.68,86.11,4.3,NSC,Dolakha
2/22/75,6/5/18,1:34,29.68,81.65,4.9,RSC/NSC,Bajura
3/6/75,6/20/18,4:15,27.31,87.9,4.7,NSC,Taplejung
3/6/75,6/20/18,4:09,27.36,88.01,4.8,NSC,Taplejung
3/14/75,6/28/18,4:07,27.87,84.91,5,NSC,Dhading
3/21/75,7/5/18,1:36,28.11,85.04,4.1,NSC,Dhading
3/29/75,7/13/18,3:13,29.57,81.56,4.1,RSC/NSC,Bajura
4/1/75,7/17/18,17:07,27.82,84.81,4.4, NSC,Dhading
4/2/75,7/18/18,5:30,29.02,81.51,4.2,RSC/NSC,Dailekh
4/8/75,7/24/18,11:59,27.94,85.51,4.3,NSC,Sindhupalchowk
4/8/75,7/24/18,2:45,27.75,84.87,4.8,NSC,Dhading
4/17/75,8/2/18,8:47,27.66,86.1,4.2,NSC,Dolakha
5/8/75,8/24/18,12:31,27.5,88.04,4.5,NSC,Taplejung
5/13/75,8/29/18,17:50,27.79,87.41,4.2,NSC,Sankhuwasabha
6/3/75,9/19/18,19:57,28.57,82.88,4,NSC,East Rukum